{"xori":448990.75653832796,"yori":3707348.745812648,"zori":1659.8445434570312,"xmin":443551.9515014724,"xmax":503984.63493020885,"ymin":3648364.5478994814,"ymax":3704749.7516500787,"zmin":2176.171142578125,"zmax":3005.5254821777344,"avg_rotation":311.9105637706956,"avg_dx":50.177709355596654,"avg_dy":50.84311866881421,"avg_dz":0.08436069023963522,"grid_regularity_flag":2}