{"xori":448990.75295346027,"yori":3707348.239108953,"zori":1662.3282012939453,"xmin":457988.9276076681,"xmax":482465.33904015727,"ymin":3665378.2465703017,"ymax":3691862.9460819587,"zmin":2112.6287841796875,"zmax":2407.36865234375,"avg_rotation":310.1384628720093,"avg_dx":50.11500095672689,"avg_dy":50.836818358573694,"avg_dz":0.011165150629422856,"grid_regularity_flag":2}