{"xori":448962.5178072957,"yori":3706825.984284666,"zori":1659.3540802001953,"xmin":443607.02736138756,"xmax":490963.44471431465,"ymin":3662337.3599623395,"ymax":3698627.0037835687,"zmin":1836.7150573730469,"zmax":2713.2649536132812,"avg_rotation":306.18145742772714,"avg_dx":50.12791884792903,"avg_dy":51.12230374779788,"avg_dz":0.049775510575641835,"grid_regularity_flag":2}