{"xori":446544.60508864175,"yori":3680983.6665443126,"zori":3234.5235595703125,"xmin":456486.79553117673,"xmax":503512.5639302104,"ymin":3644366.3709578495,"ymax":3691739.5334500703,"zmin":3313.248779296875,"zmax":4084.1603393554688,"avg_rotation":52.09718747430649,"avg_dx":99.43580683255718,"avg_dy":100.07160144643575,"avg_dz":0.07578342856404129,"grid_regularity_flag":2}