{"xori":448990.75915836764,"yori":3707348.345047961,"zori":1661.8053131103516,"xmin":445263.34733022214,"xmax":463331.8472320542,"ymin":3684827.9462287943,"ymax":3699302.158207893,"zmin":2209.24072265625,"zmax":2476.159881591797,"avg_rotation":311.83584121996506,"avg_dx":50.20431214157752,"avg_dy":50.85823754039109,"avg_dz":0.005872222834849117,"grid_regularity_flag":2}