{"xori":448962.22246223496,"yori":3706824.0039967257,"zori":1668.1575622558594,"xmin":452947.73138508084,"xmax":490498.39501352736,"ymin":3670854.5175781255,"ymax":3694329.264989828,"zmin":1950.1445007324219,"zmax":2558.3951416015625,"avg_rotation":305.46143525793633,"avg_dx":50.12948061865819,"avg_dy":51.13132774367786,"avg_dz":0.02247825656032746,"grid_regularity_flag":2}