{"xori":448990.70836399664,"yori":3707349.353990356,"zori":1656.9788360595703,"xmin":443584.97354578204,"xmax":491167.6138316274,"ymin":3673299.4071425986,"ymax":3700647.392068661,"zmin":2062.8164978027344,"zmax":2890.7037963867188,"avg_rotation":311.3693860628199,"avg_dx":50.13674687797792,"avg_dy":50.82444696235381,"avg_dz":0.020354629289705287,"grid_regularity_flag":2}