{"xori":449077.9256242628,"yori":3706817.2754514646,"zori":1661.9820251464844,"xmin":445096.5325744581,"xmax":499550.54573678883,"ymin":3647214.5720887133,"ymax":3698640.1069759,"zmin":1637.5874481201172,"zmax":2241.1969604492188,"avg_rotation":308.8290457947727,"avg_dx":50.19683705583735,"avg_dy":49.916779698943564,"avg_dz":0.01529523669726598,"grid_regularity_flag":2}